pl,player,games,minutes,points,m2,a2,per2,m3,a3,per3,mfg,afg,perfg,mft,aft,perft,dr,or,tr,as,st,to,bs,pf,ef,plusminus,dbl
4,"WHITE D. (SG)
Phoenix Hagen",11,31:46:00,17.3,3.8,8,47.70%,1.9,4.3,44.70%,5.7,12.3,46.70%,3.9,5.2,75.40%,0.2,2,2.2,5,1.6,2.7,0.1,3,15.6,0.9,0
1,"BROWN B. (PG)
EWE Baskets Oldenburg",34,33:50:00,16.9,3.6,7.1,50.80%,1.9,5.9,32.20%,5.5,13,42.30%,4,5.1,78.70%,0.3,1.9,2.2,4.7,0.7,2.8,0.1,2.3,13.2,-0.2,17
144,"GRAY J. (PG)
FRAPORT SKYLINERS",8,31:45:00,16,2.9,6.9,41.80%,2.1,7.3,29.30%,5,14.1,35.40%,3.9,4.1,93.90%,0.3,2.5,2.8,3.5,0.1,2.8,0.1,3.3,10.4,-5.3,0
2,"TUCKER A. (SF)
Brose Baskets",34,27:55:00,15.6,4.6,7.4,62.10%,0.9,2.1,42.50%,5.5,9.6,57.70%,3.6,4.6,79.40%,1.5,5.5,7,1.5,1.3,1.8,0.3,1.6,18.9,12.6,0
5,"HOLSTON D. (PG)
Artland Dragons",33,31:29:00,15.5,2.6,5.3,48.60%,2,5.6,36.20%,4.6,10.9,42.20%,4.2,4.8,87.50%,0.4,2.9,3.2,5.9,1.4,2.7,0,2.5,16.4,6.5,3
3,"WOOD D. (PG)
ALBA BERLIN",34,31:23:00,15.4,3.1,6.4,49.10%,1.7,4.6,37.60%,4.9,11,44.30%,3.9,4.8,82.70%,0.7,3.2,3.9,4.9,1.2,2.2,0.1,1.3,16.2,6.6,0
4,"SWANN I. (SG)
ratiopharm ulm",34,27:25:00,15.2,2.1,4.2,50.70%,2.5,6.9,36.40%,4.6,11.1,41.80%,3.4,4,83.90%,0.4,2.4,2.8,2.8,0.7,2.5,0,2.4,12,5.2,1
6,"ENSMINGER C. (C)
Telekom Baskets Bonn",34,28:30:00,14.8,5.4,9.5,57.30%,0,0,0.00%,5.4,9.5,57.30%,3.9,5.2,75.30%,2.5,5.1,7.6,1.4,0.4,1.7,0.2,2.9,17.4,5.4,2
7,"JONUSAS Z. (SF)
Phoenix Hagen",33,31:05:00,14.8,2.7,4.9,54.90%,2.2,5.6,39.80%,4.9,10.5,46.80%,2.7,3.8,71.20%,1,3.7,4.7,1.7,0.7,1.7,0.2,3.3,13.7,-4.8,0
135,"LEUER J. (PF)
FRAPORT SKYLINERS",10,32:12:00,14.8,5.3,10.7,49.50%,0.6,2.1,28.60%,5.9,12.8,46.10%,2.4,3.7,64.90%,1.6,6.2,7.8,1.1,0.8,3.1,0.7,2.1,13.9,-3.5,4
9,"PEAVY N. (PF)
Artland Dragons",32,27:35:00,14.6,3.5,6,58.30%,1.2,2.6,45.20%,4.7,8.6,54.40%,4.1,5.4,75.10%,1.3,5,6.3,1.8,0.5,2.1,0.4,2.6,16.2,7.4,6
8,"BRYANT J. (C)
ratiopharm ulm",33,26:15:00,14.5,5.7,9.7,58.30%,0.1,0.2,42.90%,5.8,9.9,57.90%,2.8,3.7,76.40%,2,7.4,9.4,1.4,0.5,1.6,1.2,2.8,20.2,6.9,0
10,"CARTER M. (SF)
Phoenix Hagen",32,32:15:00,14.5,3.8,7.7,49.20%,1.2,4.3,28.50%,5,12,41.80%,3.3,3.8,85.40%,1,3.3,4.3,2.5,1.3,2.2,0.3,2.9,13.2,-6.9,4
124,"JEFFERS M. (SF)
LTi GIESSEN 46ers",12,28:44:00,14.4,3.8,6.2,60.80%,0.4,2.3,17.90%,4.2,8.5,49.00%,5.7,6.6,86.10%,0.7,3.5,4.2,2.3,0.6,1.9,0,2.1,14.3,-2.2,1
41,"HOMAN J. (C)
FC Bayern München",25,28:28:00,14.1,5.6,11.9,47.30%,0,0,0.00%,5.6,11.9,47.30%,2.8,5.5,51.10%,1.9,5.5,7.4,1.8,0.8,2.5,1.4,2.8,14.1,5.2,5
19,"TROUTMAN C. (PF)
FC Bayern München",30,25:27:00,13.8,4.7,7.2,65.10%,0.5,1.2,37.80%,5.1,8.4,61.10%,3.1,4.2,73.20%,2.5,4.5,7,1.2,0.9,1.7,0.2,3.1,17.1,4.8,4
16,"VEIKALAS B. (SG)
Telekom Baskets Bonn",32,27:11:00,13.4,3,5,59.60%,1.8,4.5,38.60%,4.8,9.6,49.70%,2.2,2.5,87.50%,0.7,2.8,3.4,1.8,0.7,1.3,0.1,2.2,12.9,2.5,0
11,"STEWART B. (SG)
LTi GIESSEN 46ers",34,31:12:00,13.3,2.3,5.3,43.90%,2,5,40.60%,4.4,10.3,42.30%,2.6,3.2,80.70%,0.6,3,3.6,1.5,1.2,1.2,0.1,2.7,11.9,-6.7,0
12,"REDDING R. (SF)
WALTER Tigers Tübingen",34,31:37:00,13.2,3.9,7.6,50.80%,1,2.5,40.70%,4.9,10.2,48.30%,2.4,3.4,69.00%,1.4,4.4,5.8,3.3,1.4,2.2,0.7,3,15.9,0.2,0
13,"MCKINNEY J. (SG)
FRAPORT SKYLINERS",34,29:08:00,13.2,3,5.9,50.00%,2,5.1,39.30%,5,11,45.10%,1.2,1.5,84.00%,0.1,2.4,2.5,1.7,0.3,1.6,0,2.6,9.8,-0.3,0
39,"FOSTER J. (SG)
FC Bayern München",27,29:28:00,13.2,2.7,5.8,47.40%,2,4.8,40.80%,4.7,10.6,44.40%,1.9,2.7,68.50%,0.6,2.7,3.3,2.3,1.2,1,0.2,2.2,12.4,4.2,0
14,"DUGGINS V. (PG)
WALTER Tigers Tübingen",34,29:51:00,13,3.4,6.6,50.90%,1.5,3.6,41.00%,4.8,10.2,47.40%,1.9,2.4,77.80%,0.5,2.5,3,2,0.9,1.9,0.1,2.2,11.3,-2,0
15,"GAFFNEY T. (PF)
Telekom Baskets Bonn",34,31:34:00,12.8,3.9,6,63.90%,1.1,3.6,30.60%,4.9,9.6,51.50%,1.8,2.6,69.30%,1.6,4.6,6.2,1.5,1.4,1,1.8,1.9,17.2,4.9,2
49,"DAVIDSON J. (C)
FRAPORT SKYLINERS",26,27:09:00,12.8,5.2,11,47.70%,0,0.2,16.70%,5.3,11.2,47.10%,2.2,2.9,77.30%,1.1,5.3,6.4,1.3,0.6,2.4,1.7,2.3,13.7,1,0
30,"GIBSON D. (PG)
BBC Bayreuth",30,29:06:00,12.6,1.7,4.1,41.50%,2.2,5.4,41.60%,3.9,9.5,41.60%,2.5,3.1,81.50%,0.6,1.7,2.2,3.2,0.6,2.2,0,2.1,10.3,-4.2,0
17,"PAULDING R. (SF)
EWE Baskets Oldenburg",34,31:09:00,12.4,2.4,4.5,53.90%,1.9,4.8,40.20%,4.4,9.3,46.80%,1.8,2.1,83.60%,1.1,2.8,3.8,1.8,0.7,1.7,0.5,2.3,12.2,-1.3,0
18,"CHUBB A. (C)
EWE Baskets Oldenburg",34,27:11:00,12.4,4.9,7.6,64.10%,0,0.1,0.00%,4.9,7.7,63.60%,2.6,3.4,77.20%,2.9,5.7,8.5,1.7,0.6,1.7,0.9,3.3,18.8,0.1,3
24,"HARRIS A. (SG)
EnBW Ludwigsburg",32,26:57:00,12.4,2.5,5.7,43.20%,1.6,3.9,40.00%,4,9.6,41.90%,2.8,3.7,76.90%,0.6,2,2.7,1.4,0.6,1.8,0,2.8,8.9,-1.5,0
38,"BURRELL R. (PF)
EWE Baskets Oldenburg",29,25:15:00,12.4,4.2,7.7,54.30%,0.6,1.5,39.50%,4.8,9.2,51.90%,2.3,2.8,80.50%,1.4,4,5.4,1.2,0.9,1.9,0.2,3.3,13.2,-1.8,0
74,"THOMAS B. (SF)
Artland Dragons",23,26:49:00,12.4,2.8,4.1,67.40%,1.6,3.7,43.00%,4.4,7.9,55.80%,2,2.7,73.00%,0.8,2.8,3.7,1.4,0.6,0.9,0.2,1.1,13,5.1,0
28,"ZWIENER P. (SF)
TBB Trier",31,28:07:00,12.3,4.5,9.6,46.50%,0.4,1.5,28.30%,4.9,11.1,44.00%,2.1,2.9,72.50%,1,3.2,4.2,1.7,0.3,2,0.2,1.7,9.7,-4.9,5
129,"HOWARD M. (PF)
EnBW Ludwigsburg",13,25:54:00,12.1,3.4,5.6,60.30%,0.6,1.7,36.40%,4,7.3,54.70%,3.5,4.2,83.30%,1.6,4.2,5.8,2.2,0.6,1.5,0.2,2.7,15.4,3.9,2
141,"MARTIN T. (SG)
Eisbären Bremerhaven",11,27:47:00,12.1,3.2,7.5,42.20%,1.5,4.5,32.70%,4.6,12,38.60%,1.4,1.6,83.30%,1.6,3.7,5.4,1.5,0.8,1.8,0.3,1.9,10.6,-0.3,0
20,"MCNAUGHTON C. (C)
Eisbären Bremerhaven",34,24:54:00,12,4.8,7.8,61.90%,0,0,0.00%,4.8,7.8,61.70%,2.3,2.9,79.00%,1.7,3.3,5,1.1,0.5,1.9,0.6,3.5,13.6,-1.6,1
80,"BATTLE T. (PG)
Telekom Baskets Bonn",23,22:26:00,11.9,2.6,4.4,57.80%,1.6,4,39.10%,4.1,8.4,49.00%,2.1,2.7,76.20%,0.7,1.4,2.1,1.7,0.6,1.3,0,1.3,10.1,1.8,0
156,"DALE L. (PG)
BG Göttingen",9,26:46:00,11.9,2,5.8,34.60%,1.8,5.4,32.70%,3.8,11.2,33.70%,2.6,2.8,92.00%,0.7,1.3,2,2.2,0.7,1.7,0.1,4.2,7.6,-12.1,0
21,"SMITH A. (SG)
Eisbären Bremerhaven",34,32:41:00,11.8,2.9,4.9,58.80%,1.3,3.9,33.10%,4.1,8.8,47.30%,2.2,3.3,68.50%,0.8,2.5,3.3,1.7,0.8,1.2,0.2,1.8,10.9,-3.3,0
22,"PEACOCK Z. (PF)
Eisbären Bremerhaven",34,26:49:00,11.8,4.6,8.8,52.30%,0.1,0.3,22.20%,4.7,9.1,51.50%,2.4,3.4,69.20%,1.9,3.5,5.4,1,1,1.7,0.3,2.9,12.2,-3.3,4
46,"MELZER R. (PF)
New Yorker Phantoms Braunschweig",29,23:01:00,11.8,3.9,7.9,48.90%,0.7,2.3,27.90%,4.5,10.2,44.10%,2.1,2.7,76.00%,1.3,2.9,4.2,1,0.3,1.8,0.2,2.9,9.3,-3.2,7
23,"ROBERTS B. (PG)
Brose Baskets",34,25:45:00,11.7,2.3,4.3,54.10%,1.7,3.6,46.70%,4,7.9,50.80%,2.1,2.4,87.50%,0.2,2.1,2.3,3.1,0.6,1.5,0.1,1.9,12.1,10.9,1
25,"IBEKWE E. (PF)
BBC Bayreuth",34,23:43:00,11.7,3.9,6.7,58.60%,0.5,1.5,33.30%,4.4,8.2,54.00%,2.3,3.5,66.40%,1.4,4.2,5.6,0.8,0.8,2.6,1.6,4.2,12.9,-4.9,2
26,"JOYCE D. (PG)
TBB Trier",34,32:44:00,11.6,2.7,6.7,40.60%,1.3,4.3,31.00%,4.1,11,36.90%,2.1,3.1,69.20%,0.3,2.6,2.9,4.4,1.1,3,0,3.4,9.1,-4.9,0
101,"ZAVACKAS D. (PF)
EnBW Ludwigsburg",19,27:17:00,11.6,1.7,3.2,52.50%,1.8,3.9,46.00%,3.5,7.1,48.90%,2.8,3.4,83.10%,1.5,3.9,5.4,1,0.4,1.6,0.4,2.6,13,-1.2,1
27,"JACOBSEN C. (SG)
Brose Baskets",34,27:12:00,11.5,1.1,1.8,60.70%,2.2,5,43.90%,3.3,6.8,48.30%,2.7,3.1,85.10%,0.2,2.7,2.9,2.5,0.6,1,0,1.2,12.4,13.3,5
29,"TAYLOR B. (SG)
ALBA BERLIN",33,24:57:00,11.5,3,5.5,54.40%,1.1,2.5,44.40%,4.1,7.9,51.30%,2.3,2.8,82.60%,1,2.5,3.5,1.8,0.6,0.9,0.2,2.5,12.4,6.9,0
32,"OVCINA E. (C)
LTi GIESSEN 46ers",33,27:32:00,11.4,4.5,9.2,49.30%,0.4,1.2,31.70%,4.9,10.4,47.20%,1.2,1.5,80.00%,1.8,4.7,6.5,2.2,0.5,2.3,0.4,2.6,12.9,-6.7,0
33,"EVERETT T. (PG)
Eisbären Bremerhaven",33,29:22:00,11.3,2.9,6.2,47.30%,1.1,3.3,31.80%,4,9.5,41.90%,2.3,3.7,61.00%,0.8,3.7,4.6,4.9,1.2,2.7,0.2,2.1,12.5,-2.2,0
43,"JEANTY O. (SG)
BBC Bayreuth",31,27:39:00,11.3,1,2.3,45.70%,2.3,5.7,39.60%,3.3,8,41.30%,2.5,3,81.70%,0.6,1.8,2.4,1.2,0.4,1.5,0,2.1,8.5,-5.6,6
34,"FENN D. (C)
Artland Dragons",33,22:44:00,11.2,3,5.9,51.30%,0.9,2.8,32.60%,3.9,8.7,45.30%,2.4,3.6,66.40%,1.4,4.3,5.8,1.6,0.4,1.6,0.3,2.1,11.6,2.1,4
31,"VISSER K. (C)
New Yorker Phantoms Braunschweig",34,23:04:00,11.1,4.7,7.8,61.00%,0,0,0.00%,4.7,7.8,61.00%,1.6,2.9,56.00%,1.9,3.3,5.3,1.1,0.5,1.6,0.7,3.3,12.8,1.8,2
109,"BOWLER J. (C)
EnBW Ludwigsburg",18,22:22:00,11.1,3.8,7.4,51.10%,0.1,0.2,50.00%,3.9,7.6,51.10%,3.2,4,79.20%,1.4,3.2,4.7,1.2,0.6,1.7,0.2,3.1,11.4,-1.2,2
36,"JORDAN J. (PG)
Telekom Baskets Bonn",33,32:21:00,11,2.8,5.5,51.10%,1.1,2.8,39.40%,3.9,8.3,47.10%,2.1,2.6,79.30%,0.9,2.6,3.5,8.1,1.1,2.7,0.1,2.2,16.2,6.1,2
35,"KRAMER C. (PG)
s.Oliver Baskets",34,26:31:00,10.9,3.3,6,55.40%,0.3,1.2,22.50%,3.6,7.2,50.00%,3.4,4.6,74.40%,0.5,3.3,3.8,1.8,1.6,2.1,0.4,2.4,11.6,1.6,0
84,"BAUSCHER M. (PG)
BG Göttingen",24,30:33:00,10.9,2.4,5.5,43.90%,1.3,4.4,30.50%,3.8,9.9,38.00%,2.1,3.3,64.10%,0.8,2.6,3.3,3.9,0.6,1.8,0.1,2.6,9.8,-10.9,0
94,"UMEH M. (PG)
New Yorker Phantoms Braunschweig",22,27:06:00,10.9,2.5,5,50.50%,1.4,4,34.10%,3.9,9,43.20%,1.8,2.1,85.10%,0.3,2.9,3.2,2,0.6,1.8,0.1,2,9.6,1.2,2
70,"SYKES R. (C)
BG Göttingen",27,21:21:00,10.8,4.3,9.4,45.70%,0,0,0.00%,4.3,9.4,45.70%,2.2,3.5,63.80%,2.6,3.2,5.8,0.4,0.6,2.1,0.7,2.1,9.9,-5.6,3
40,"HASBROUCK K. (SG)
EWE Baskets Oldenburg",33,27:08:00,10.7,2.2,5.4,40.40%,1.7,3.9,43.10%,3.9,9.3,41.60%,1.3,1.6,79.30%,0.5,2.4,2.9,1.5,1.2,1.8,0.1,2.8,8.8,-0.9,1
37,"ZIRBES M. (C)
TBB Trier",34,28:13:00,10.6,3.9,6.8,57.30%,0,0.1,0.00%,3.9,6.9,56.60%,2.7,3.9,69.90%,3.1,3.9,7.1,0.7,0.4,1.5,0.7,2.7,13.8,-1.6,0
60,"HARRIS R. (PG)
s.Oliver Baskets",29,17:17:00,10.6,1.5,3.2,47.80%,1.8,5.1,36.10%,3.3,8.2,40.60%,2.1,3,69.30%,0.2,1.6,1.9,0.8,0.7,1.3,0.1,1.6,6.9,0.3,2
187,"WILLIAMS N. (SG)
New Yorker Phantoms Braunschweig",5,18:30:00,10.6,1.8,3.8,47.40%,1.4,3.2,43.80%,3.2,7,45.70%,2.8,3.2,87.50%,0,0.2,0.2,0.8,0.4,1.6,0.2,2.4,6.4,-2.8,0
72,"KING A. (C)
Artland Dragons",28,21:08:00,10.4,3.9,6.7,58.80%,0,0.1,50.00%,4,6.8,58.70%,2.4,2.9,83.80%,1.8,3.9,5.8,1.1,0.6,1.1,1.2,2,14.6,1.5,0
42,"YOUNG J. (PG)
WALTER Tigers Tübingen",34,23:05:00,10.3,2.2,4.1,52.50%,1.1,3.3,33.30%,3.3,7.4,44.10%,2.7,3.6,76.00%,0.9,2,2.9,2.6,1,1.8,0,2.6,10,-1.7,1
56,"JOROVIC B. (PF)
New Yorker Phantoms Braunschweig",31,21:24:00,10.3,1.9,3.4,56.60%,1.5,4.6,32.20%,3.4,8,42.60%,2,2.5,78.20%,0.7,2.8,3.5,2.4,0.9,1.4,0.2,3,10.7,0.4,1
44,"HORNE P. (PG)
BG Göttingen",34,31:39:00,10.2,1.9,4.4,43.20%,1.6,5.2,31.30%,3.5,9.5,36.70%,1.5,2.3,66.70%,0.7,2.5,3.2,1.9,0.8,1.6,0.3,2.4,8,-9.6,0
52,"GAVEL A. (PG)
Brose Baskets",32,27:06:00,10.2,1.8,3.5,50.90%,1.4,3.5,41.10%,3.2,7,46.00%,2.3,2.9,80.40%,0.4,1.6,2,3.7,1,1.6,0.2,2.1,11.1,12,0
79,"JENKINS J. (SG)
Brose Baskets",27,20:14:00,10.2,2.4,4.7,52.40%,1.3,3.6,37.10%,3.8,8.3,45.70%,1.3,2.1,62.50%,0.3,1.3,1.6,2.5,0.5,1.1,0,1.7,8.5,10,0
45,"ESTERKAMP S. (SF)
ratiopharm ulm",34,27:19:00,10.1,1.4,2.9,49.50%,1.8,4.1,44.60%,3.2,6.9,46.60%,1.8,2.3,77.90%,0.5,2.7,3.2,1.7,0.7,0.8,0.1,2.2,10.7,6.4,0
63,"WATTS D. (PF)
ratiopharm ulm",30,27:31:00,10.1,3.5,6.5,53.80%,0.4,1.7,26.00%,3.9,8.2,48.20%,1.8,2.8,63.50%,2.1,4.4,6.5,1.4,0.7,1.5,0.3,2.8,12.3,4.1,0
75,"BROOKS B. (PG)
Phoenix Hagen",28,25:23:00,10.1,2.9,6.2,46.20%,0.8,2.9,26.30%,3.6,9,39.90%,2.2,2.9,76.30%,0.6,2.5,3.1,3.3,0.6,1.6,0.1,2.2,9.5,-6,0
47,"WEAVER K. (SG)
ALBA BERLIN",34,26:39:00,9.9,2.7,4.9,54.80%,0.8,2.3,32.90%,3.4,7.2,47.80%,2.2,2.9,77.60%,1.2,3.9,5.1,2.8,1.1,2.1,0.7,2.3,12.9,5.4,0
48,"PLEIß T. (C)
Brose Baskets",34,19:44:00,9.9,3.4,5.4,62.20%,0.2,0.5,44.40%,3.6,6,60.60%,2.4,2.9,82.00%,1.9,4.1,6,0.5,0.2,1.4,1.2,2.5,13.5,9,0
53,"DORRIS M. (PG)
EnBW Ludwigsburg",33,23:56:00,9.9,3.1,6.9,45.20%,0.5,1.9,25.00%,3.6,8.8,40.80%,2.2,2.5,84.50%,0.8,2,2.8,2.9,1.4,2,0.2,2.6,9.6,-0.9,2
136,"FISHER A. (PG)
EnBW Ludwigsburg",15,20:30:00,9.8,1.9,4,46.70%,1.5,3.5,41.50%,3.3,7.5,44.30%,1.7,2.7,61.00%,0.2,1.7,1.9,1.5,0.5,1.4,0.1,2.4,7.1,-2.7,0
50,"SERAPINAS S. (SF)
Telekom Baskets Bonn",34,26:55:00,9.7,1.7,3.2,53.60%,1.7,5.1,33.50%,3.4,8.3,41.30%,1.1,1.5,76.50%,0.9,2.1,3,1,0.5,1.1,0.2,2.9,8.1,3.9,0
51,"SLAUGHTER M. (PF)
Brose Baskets",34,21:31:00,9.7,3.6,5.1,69.10%,0,0.1,50.00%,3.6,5.2,68.90%,2.5,3.9,64.10%,1.7,3.2,4.9,0.9,0.9,1.6,1.2,3.2,13.1,10.1,1
89,"EVANS S. (PF)
BG Göttingen",26,22:42:00,9.7,3.9,7.5,51.80%,0,0,0.00%,3.9,7.5,51.50%,2,3.7,53.70%,2.5,4.1,6.6,1,0.5,2,0.5,1.9,10.9,-6.5,0
54,"CAMPBELL L. (PG)
WALTER Tigers Tübingen",34,30:22:00,9.6,1.8,3.6,49.20%,1.4,4.4,31.50%,3.1,8,39.50%,1.9,2.3,81.00%,0.4,3.2,3.6,4.1,1.2,2.6,0.2,1.9,10.8,-4,1
57,"WALLACE J. (PG)
FC Bayern München",33,18:20:00,9.6,1.4,3.1,43.70%,1.5,3.1,47.10%,2.8,6.2,45.40%,2.5,2.6,93.10%,0.2,1,1.3,2.1,0.6,1.1,0,2.3,8.9,3.9,1
83,"HUNTER B. (C)
BBC Bayreuth",28,26:41:00,9.6,3.2,7.4,43.20%,0.3,1,33.30%,3.5,8.3,42.10%,2.3,3.6,62.40%,1.8,4.1,5.9,1.1,0.4,2.4,0.4,3.1,8.9,-3.9,0
127,"GREEN J. (PG)
EnBW Ludwigsburg",17,25:41:00,9.6,3.2,6.6,49.10%,0.2,1.3,13.60%,3.4,7.9,43.30%,2.6,3,86.30%,0.5,1.1,1.6,2.6,0.5,2,0.1,2,7.5,-0.7,0
55,"BERNARD W. (SG)
LTi GIESSEN 46ers",34,26:44:00,9.5,1.5,3.1,48.60%,1.4,4.1,35.00%,2.9,7.2,40.80%,2.2,2.6,85.20%,0.7,1.9,2.7,1.9,1.4,1.5,0.1,2.8,9.4,-5.5,0
61,"LINHART N. (SF)
TBB Trier",33,25:29:00,9.3,2.8,5.7,49.20%,0.7,2.6,27.10%,3.5,8.3,42.30%,1.6,2.3,69.70%,1.3,3.7,5,1,1.7,1.2,0.5,3,10.9,-1.7,0
66,"CAIN J. (PF)
Eisbären Bremerhaven",32,21:05:00,9.3,2.9,5.2,56.00%,0.2,1,18.80%,3.1,6.2,50.00%,2.9,4,72.90%,1.5,2.6,4.1,1,0.4,1.7,0.3,3.3,9.2,-1,0
67,"HASQUET J. (PF)
Phoenix Hagen",32,20:19:00,9.3,2.1,3.9,54.40%,1.3,3.8,33.90%,3.4,7.7,44.30%,1.2,1.7,71.70%,1.2,2,3.2,1.1,0.2,1,0.2,3,8.1,-4.5,0
92,"ELLIOTT I. (PF)
s.Oliver Baskets",27,24:10:00,9.3,1.6,3.9,40.40%,1.6,5,32.40%,3.2,8.9,35.80%,1.3,1.7,75.60%,1.6,3.4,5,0.7,0.5,1.3,0.6,1.9,8.6,2.5,0
58,"SCHAFFARTZIK H. (PG)
ALBA BERLIN",34,23:12:00,9.2,0.9,2.5,34.50%,2,4.5,44.10%,2.8,6.9,40.70%,1.5,1.8,83.90%,0.7,1.6,2.3,2.6,0.5,1.6,0,1.7,8.6,5.7,0
59,"NASH T. (C)
WALTER Tigers Tübingen",34,27:08:00,9.1,2.9,5.2,55.10%,0.4,1.1,31.60%,3.2,6.4,50.90%,2.3,4,56.60%,1.4,3.6,5,1.4,0.9,1.5,0.5,3,10.5,-1.9,0
64,"GüNTHER P. (PG)
ratiopharm ulm",33,24:38:00,9.1,2.2,4.4,51.40%,0.5,1.6,30.80%,2.7,5.9,45.90%,3.2,3.8,84.00%,0.3,1.2,1.5,2.9,0.4,1.9,0,1.8,8.2,3.2,1
62,"ALLEN D. (PF)
ALBA BERLIN",34,22:43:00,8.9,3.6,6.8,52.80%,0,0,0.00%,3.6,6.8,52.80%,1.8,2.4,75.00%,1.9,2.7,4.7,0.6,0.3,1.1,0.2,2.4,9.8,3.7,0
69,"FRANCIS T. (C)
ALBA BERLIN",33,19:36:00,8.9,3.6,5.5,64.80%,0,0,0.00%,3.6,5.5,64.80%,1.8,2.5,70.70%,1.9,3.2,5.1,0.2,0.4,1.6,0.7,2,11.2,5.9,2
78,"GREER L. (SG)
New Yorker Phantoms Braunschweig",31,26:28:00,8.9,1.9,4,48.00%,1.3,4.1,31.00%,3.2,8.1,39.40%,1.3,1.7,73.60%,0.2,1.5,1.7,2.3,0.7,1,0,1.3,7.2,-1.1,2
65,"HODZIC A. (PF)
WALTER Tigers Tübingen",34,20:56:00,8.8,2.9,5.6,52.60%,0.5,1.2,40.00%,3.4,6.8,50.40%,1.5,1.9,78.50%,0.9,3.2,4.1,0.7,0.1,1.6,0.1,2.9,8.4,-2.7,0
71,"BOONE J. (C)
s.Oliver Baskets",33,23:36:00,8.8,3.4,6.3,54.60%,0,0,0.00%,3.4,6.3,54.30%,2,3.7,52.90%,2.7,2.9,5.6,0.6,0.5,1.7,0.7,3.9,9.9,5.3,0
197,"HAMILTON K. (PG)
BBC Bayreuth",4,28:50:00,8.8,2.8,5.3,52.40%,1,2.5,40.00%,3.8,7.8,48.40%,0.3,0.3,100.00%,0.5,2.8,3.3,4,1.3,2.3,0,3.3,11,-9.5,1
68,"ARCHIBONG K. (PF)
LTi GIESSEN 46ers",34,23:55:00,8.7,3.2,5.9,55.00%,0.2,0.9,27.60%,3.5,6.7,51.50%,1.5,2.2,70.30%,1.7,2.9,4.6,0.8,0.6,1.9,0,2.8,8.9,-6,2
76,"JACOBSON B. (PG)
s.Oliver Baskets",33,29:09:00,8.6,1.9,4.7,41.30%,1.2,4,29.30%,3.1,8.7,35.80%,1.2,1.7,66.70%,0.5,2.3,2.8,3,0.9,1.5,0,2.2,7.7,2.7,0
96,"GREER J. (SF)
EnBW Ludwigsburg",27,27:52:00,8.6,1.1,2.6,44.30%,1.7,4,42.60%,2.9,6.6,43.30%,1.2,1.5,80.50%,1.2,3,4.2,2.1,0.8,1.1,0.3,2.1,10.9,-0.5,0
73,"LISCHKA J. (SF)
EnBW Ludwigsburg",34,23:20:00,8.5,2.9,6.1,46.40%,0.5,1.6,32.10%,3.4,7.7,43.50%,1.3,1.9,66.20%,1.2,3.4,4.7,1,0.7,1.4,0.2,1.7,8.8,-2.2,0
81,"MCELROY I. (SF)
New Yorker Phantoms Braunschweig",32,29:50:00,8.5,2.2,4,55.00%,0.7,1.7,39.60%,2.9,5.7,50.60%,2.1,2.8,76.10%,1.2,3.2,4.4,3.3,1,1.6,0.1,2.2,12.2,1.7,0
97,"THOMPSON M. (PG)
FRAPORT SKYLINERS",27,24:49:00,8.5,1.4,2.9,47.40%,1.5,3.3,44.40%,2.9,6.2,45.80%,1.3,1.7,76.10%,0.2,1.4,1.7,1.7,0.5,1.2,0,2.6,7.3,-1,0
110,"ALLEN J. (SF)
BG Göttingen",23,23:55:00,8.5,1.3,3.2,39.20%,1.7,5,34.50%,3,8.3,36.30%,0.7,1,70.80%,0.2,2.5,2.7,1.3,1.1,1.1,0,2.8,6.8,-8.3,3
85,"BLACKWOOD T. (PG)
Phoenix Hagen",31,24:44:00,8.4,0.9,2.3,40.30%,1.8,5,35.70%,2.7,7.3,37.20%,1.2,1.4,83.70%,0.6,1.2,1.8,2.1,0.9,1.4,0,2.3,6.9,-3.1,0
88,"BENZING R. (SF)
FC Bayern München",30,24:17:00,8.4,1.9,3.8,50.40%,1,2.7,35.40%,2.9,6.6,44.20%,1.7,2.3,71.40%,0.7,2.7,3.4,0.7,0.5,1,0.1,2.6,7.9,5.6,0
100,"IDBIHI Y. (C)
ALBA BERLIN",27,16:59:00,8.4,2.9,4.9,59.50%,0,0,0.00%,2.9,4.9,59.10%,2.6,3.1,83.30%,1.7,2.6,4.3,0.4,0.2,0.7,0.5,2.3,10.5,4.6,0
108,"CONSTANTINE A. (C)
Phoenix Hagen",24,21:28:00,8.4,3.3,5.4,61.50%,0,0,100.00%,3.4,5.5,61.80%,1.6,3,53.50%,1.7,2.8,4.4,0.6,0.3,1.3,0.9,2.3,9.8,-5.4,0
133,"GIBSON D. (PG)
FRAPORT SKYLINERS",18,22:34:00,8.4,2.2,5.1,42.40%,0.3,1.1,25.00%,2.4,6.2,39.30%,3.3,4.5,72.80%,0.8,1.9,2.7,2.7,1.4,1.7,0.2,2.7,8.8,1.7,2
134,"DENNIS S. (PG)
New Yorker Phantoms Braunschweig",18,22:06:00,8.4,2.6,5.7,45.10%,0.4,1.3,30.40%,2.9,6.9,42.40%,2.1,2.9,73.10%,0.5,2.2,2.7,2.5,0.8,1.8,0.2,2.4,8.1,-1.3,0
77,"SMITH M. (SF)
Eisbären Bremerhaven",34,21:42:00,8.3,1.7,4,41.60%,0.8,2.1,37.00%,2.5,6.2,40.00%,2.6,3,85.40%,1,2.5,3.5,1.5,0.6,0.9,0.2,2.9,9,-0.2,0
93,"SUPUT P. (PF)
Brose Baskets",30,18:28:00,8.3,2.4,5,47.00%,0.7,1.9,36.20%,3.1,7,44.00%,1.5,1.8,83.00%,0.6,2.1,2.7,1.9,0.5,1.4,0.1,1.9,8,8.8,0
120,"BURTSCHI J. (SF)
FRAPORT SKYLINERS",22,30:27:00,8.2,1.3,2.6,50.00%,1.3,3.6,36.30%,2.6,6.3,42.00%,1.6,1.8,87.50%,1.1,3.4,4.5,1.4,1.1,1.2,0.1,2.3,10.1,2.7,0
170,"AHELEGBE K. (PG)
BG Göttingen",10,26:22:00,8.1,1.9,4.2,45.20%,0.5,1.6,31.30%,2.4,5.8,41.40%,2.8,3.2,87.50%,0.2,1.5,1.7,1.9,0.5,1.6,0.1,2.6,6.9,-12.4,0
162,"MILOSEVIC I. (PG)
New Yorker Phantoms Braunschweig",13,18:21:00,8,2.5,3.8,66.00%,0.5,1.1,42.90%,3,4.9,60.90%,1.5,2.4,64.50%,0.2,1.2,1.4,2.9,1.1,1.7,0,3.1,8.9,2.2,1
82,"LITTLE J. (SG)
s.Oliver Baskets",34,27:32:00,7.9,2.1,5.4,38.60%,0.9,2.4,35.80%,2.9,7.8,37.70%,1.2,2,61.20%,0.9,2.3,3.2,1.6,0.7,1.5,0.2,3,6.4,4.3,0
115,"FRAZIER C. (PG)
s.Oliver Baskets",24,24:28:00,7.9,1.8,4.8,36.50%,0.8,2.9,28.60%,2.6,7.7,33.50%,1.9,3.2,60.50%,1.3,2.5,3.7,1.9,1.2,1.6,0.1,2.3,6.9,4.4,0
178,"CROWE J. (PG)
Phoenix Hagen",9,24:59:00,7.7,1,3.1,32.10%,1.6,5.4,28.60%,2.6,8.6,29.90%,1,1.4,69.20%,0.6,3.3,3.9,2.9,1.4,3,0.1,3,6.6,-9.3,0
86,"ROBERTSON Q. (SG)
FRAPORT SKYLINERS",34,34:03:00,7.5,2.4,4.8,50.00%,0.3,1.8,17.70%,2.7,6.6,41.20%,1.7,2.3,75.30%,1.2,3.2,4.4,2.3,1.2,1.4,0.2,3.1,9.8,1.5,1
157,"VEIDEMAN R. (SG)
BBC Bayreuth",14,24:21:00,7.5,1.4,3.1,46.50%,1,2.8,35.90%,2.4,5.9,41.50%,1.6,2.5,65.70%,0.6,1.7,2.4,1.9,0.9,2.1,0.2,2.1,6.4,-3.9,1
87,"NANKIVIL K. (PF)
ratiopharm ulm",34,22:50:00,7.4,1.2,2.7,44.00%,1.5,3.7,39.40%,2.6,6.4,41.30%,0.7,0.9,79.30%,1,3.4,4.4,0.7,0.3,0.9,0.8,2,8.8,5.8,1
90,"SIMONOVIC M. (SF)
ALBA BERLIN",34,20:40:00,7.4,1.3,2.3,55.80%,1.3,3.7,33.90%,2.5,6,42.20%,1.1,1.6,66.70%,0.7,2.2,2.8,1.3,0.3,0.8,0.2,1.6,7.1,5,1
91,"HAMANN S. (PG)
FC Bayern München",34,25:43:00,7.4,1.9,3.2,59.30%,0.4,1.4,28.60%,2.3,4.6,49.70%,2.4,3.5,67.80%,0.2,1.7,1.9,4.4,0.9,2,0,2.7,9,2.9,0
99,"HESS A. (SF)
Artland Dragons",31,16:17:00,7.4,0.9,1.5,60.40%,1.4,3.3,42.70%,2.4,4.9,48.30%,1.2,1.5,84.40%,0.4,1.6,2,0.5,0.2,0.4,0.1,2.4,7.1,3.5,0
118,"HILLIARD A. (SF)
Artland Dragons",25,22:46:00,7.4,2.3,4.5,51.30%,0.4,1.5,24.30%,2.7,6,44.70%,1.6,2.3,70.70%,1.1,2.7,3.8,1.6,0.2,0.8,0,2.1,8.1,0.3,0
102,"TRICE R. (SG)
ratiopharm ulm",29,19:57:00,7.3,2.9,5.8,49.10%,0.3,1.4,21.40%,3.2,7.3,43.60%,0.7,0.9,76.90%,1.3,2.3,3.6,0.9,1.3,0.8,0.1,1.7,8.1,2.7,0
104,"MASON-GRIFFIN T. (PG)
ratiopharm ulm",29,17:14:00,7.3,2.1,5.1,40.50%,0.5,1.6,32.60%,2.6,6.7,38.70%,1.6,1.9,85.20%,0.6,1.5,2.1,2.8,0.8,1.6,0,1.1,7,4.9,1
95,"LOOBY K. (C)
EnBW Ludwigsburg",34,19:22:00,7,2.5,3.7,68.30%,0,0,0.00%,2.5,3.7,68.30%,1.9,3,63.70%,2,3.3,5.3,0.4,0.4,0.9,1.6,2.9,11.4,-0.4,0
98,"KRUEL B. (C)
Phoenix Hagen",33,18:43:00,6.9,2.5,4.2,59.30%,0,0.1,25.00%,2.5,4.4,58.30%,1.8,2.4,75.60%,1,1.9,2.9,1.1,0.5,1.5,0.3,2.6,7.7,-2.9,0
149,"CHIKOKO V. (PF)
BG Göttingen",17,14:29:00,6.9,2.7,4.7,57.50%,0.2,0.5,50.00%,2.9,5.2,56.80%,0.8,1.4,54.20%,2.1,2.4,4.5,0.3,0.2,1,0.7,2.1,8.7,-2.1,0
113,"BULJAN Z. (PF)
Telekom Baskets Bonn",28,17:32:00,6.8,1.9,4.5,42.50%,0.5,2.1,21.70%,2.4,6.7,35.80%,1.6,2.1,74.60%,1.2,2.5,3.6,0.8,0.4,2.1,0.1,2.8,4.8,-4.1,0
179,"GALLUP E. (PG)
TBB Trier",10,20:28:00,6.8,0.9,2.8,32.10%,1.5,4.2,35.70%,2.4,7,34.30%,0.5,0.6,83.30%,0.3,1.4,1.7,0.8,0.4,1,0,1.2,4,0.1,0
112,"PILCEVIC R. (PG)
LTi GIESSEN 46ers",29,25:34:00,6.7,0.9,2.3,37.30%,1.1,3.4,32.30%,2,5.7,34.30%,1.6,1.9,85.50%,0.2,1.3,1.5,3.3,0.7,2.1,0,3.1,5.9,-6.1,1
117,"CUKINAS P. (C)
WALTER Tigers Tübingen",28,19:48:00,6.7,2.6,4.4,58.10%,0.3,0.9,30.80%,2.9,5.4,53.30%,0.7,1.4,48.70%,1,1.8,2.9,1.1,0.2,1.3,0.2,2.4,6.5,-1.2,0
158,"TUCKER D. (C)
BG Göttingen",16,16:08:00,6.6,1.3,2.1,61.80%,0.9,2.4,38.50%,2.3,4.6,49.30%,1.1,1.4,81.80%,0.6,1.9,2.6,0.5,0.3,0.8,0.1,2.1,6.6,-6.3,1
105,"WEBER M. (SF)
BG Göttingen",33,24:18:00,6.4,1.8,3.7,48.40%,0.4,1.5,27.10%,2.2,5.2,42.40%,1.6,2.7,59.60%,0.6,1.8,2.3,1.6,0.4,1.9,0.1,3.1,5,-6.8,0
177,"BUCKNOR J. (SF)
s.Oliver Baskets",11,13:43:00,6.4,0.8,1.5,56.30%,1.2,3.2,37.10%,2,4.6,43.10%,1.2,1.5,81.30%,0.6,2.2,2.8,0.4,0.5,1.2,0,1.9,5.9,-0.7,0
106,"SMITH T. (SF)
BBC Bayreuth",32,27:05:00,6.3,2.2,4.3,49.60%,0.3,0.8,33.30%,2.4,5.1,47.20%,1.3,1.8,69.50%,2.2,4,6.1,2.9,0.6,2.1,0.2,1.6,10.8,-4.8,0
107,"BYNUM J. (PG)
TBB Trier",32,22:24:00,6.3,2.3,5.7,39.90%,0.1,0.2,28.60%,2.3,5.9,39.50%,1.5,2.4,63.60%,0.7,2.3,3,1.8,0.8,1.1,0.2,2.7,6.7,-2.6,1
111,"WYRICK B. (SF)
BBC Bayreuth",31,21:49:00,6.3,1.2,3.2,38.40%,1,3.2,32.30%,2.3,6.4,35.40%,0.7,1.2,62.20%,1.3,2.5,3.8,0.7,0.1,1.2,0,2.7,5.1,-5.6,0
148,"BAILEY B. (SG)
Artland Dragons",19,23:13:00,6.3,1.6,3.4,48.40%,0.3,1.4,19.20%,1.9,4.7,40.00%,2.3,3.2,71.70%,0.1,0.9,1,2.2,0.8,1.5,0.1,2.6,5.2,3.2,0
103,"STRASSER J. (PG)
Artland Dragons",34,23:37:00,6.2,0.9,1.6,53.60%,1.1,3.1,37.50%,2,4.7,43.10%,1,1.2,85.40%,0.2,1.2,1.4,2,0.2,1.3,0.1,2.5,5.6,3.2,0
125,"PREWITT C. (PF)
LTi GIESSEN 46ers",27,20:14:00,6.2,0.7,1.9,38.00%,1.3,3.3,39.80%,2,5.1,39.10%,0.9,1.1,76.70%,0.7,1.6,2.4,0.8,0.6,0.6,0,3.2,6,-2.7,0
153,"BAILEY K. (PG)
BG Göttingen",18,28:15:00,6.2,1.3,4.7,28.20%,0.8,2.7,29.20%,2.1,7.4,28.60%,1.2,1.8,63.60%,1.3,2.7,4.1,1.8,0.6,1.4,0.1,2.3,5.2,-9.9,0
143,"GORDON A. (PG)
Eisbären Bremerhaven",21,21:53:00,6.1,0.7,2,34.10%,1.3,3.8,33.80%,2,5.8,33.90%,0.9,1.1,82.60%,0.1,1.3,1.3,2.4,0.7,1.7,0,2.1,4.8,-2.4,2
154,"STOKES C. (SG)
BBC Bayreuth",18,16:41:00,6.1,0.8,1.8,42.40%,1.3,4.4,30.00%,2.1,6.3,33.60%,0.6,0.7,83.30%,0.2,1.7,1.9,0.9,0.2,1.3,0.2,2,3.7,-3.9,2
123,"OHLBRECHT T. (C)
FRAPORT SKYLINERS",29,16:15:00,6,2.1,4,52.10%,0,0.1,0.00%,2.1,4.1,51.30%,1.8,2.4,74.30%,1.5,2.5,4,0.3,0.2,1.3,0.5,2.6,7,0.7,0
116,"DOJCIN D. (PF)
TBB Trier",32,22:02:00,5.8,1.4,2.8,49.40%,0.8,2.2,34.30%,2.1,5,42.80%,0.8,1.2,73.00%,1,1.8,2.8,1.2,0.3,1.3,0.1,2.2,5.8,-3,0
119,"MAJSTOROVIC M. (PF)
EWE Baskets Oldenburg",31,17:00:00,5.8,1.4,2.4,58.10%,0.7,2.4,31.10%,2.1,4.8,44.60%,0.8,1.4,59.10%,1.1,2.2,3.3,0.7,0.2,0.7,0.7,2.2,6.9,1.3,0
122,"NADJFEJI A. (PF)
FC Bayern München",30,15:49:00,5.8,2.3,4.1,55.30%,0,0.2,0.00%,2.3,4.3,52.70%,1.3,2.2,58.20%,0.8,2.2,3,1.2,0.3,1.1,0.2,2.4,6.5,1,0
142,"WASHINGTON J. (SG)
TBB Trier",23,18:18:00,5.7,0.8,2.1,38.80%,1,3.2,29.70%,1.8,5.3,33.30%,1.2,1.5,80.00%,0.3,1.5,1.8,0.6,0.4,1.1,0,1.7,3.5,-3.8,0
186,"HANSBROUGH B. (PG)
FC Bayern München",10,13:43:00,5.5,0.8,2.6,30.80%,0.5,1.5,33.30%,1.3,4.1,31.70%,2.4,3.2,75.00%,0.3,1.3,1.6,2.7,0.6,1.3,0,1.7,5.5,0.7,2
130,"SIMON N. (PG)
WALTER Tigers Tübingen",29,14:26:00,5.4,0.8,1.7,47.90%,0.9,1.7,52.00%,1.7,3.4,50.00%,1.1,1.5,74.40%,0.4,0.8,1.2,0.7,0.2,0.5,0,2.5,4.9,0.1,0
121,"GREENE D. (SG)
FC Bayern München",34,22:18:00,5.2,0.8,1.5,50.00%,0.9,1.9,47.00%,1.7,3.5,48.30%,0.9,1,85.70%,0.1,1.6,1.7,1,0.4,0.7,0,2.2,5.7,2.9,0
126,"JAGLA J. (PF)
FC Bayern München",32,11:54:00,5.1,1.4,2.7,52.90%,0.6,2.3,25.00%,2,5,40.30%,0.6,0.9,62.10%,1.3,1.6,2.8,0.5,0.2,0.4,0.3,1.8,5.3,-1.3,0
173,"JAZVIN E. (C)
EnBW Ludwigsburg",15,16:32:00,5,2,3.7,54.50%,0,0.1,0.00%,2,3.7,53.60%,1,1.5,68.20%,1.5,1.6,3.1,0.8,0.4,1.5,0,2.6,5.5,-2.4,2
128,"HERBER J. (SG)
FRAPORT SKYLINERS",33,20:27:00,4.9,0.6,1.8,31.70%,1,2.6,37.90%,1.6,4.5,35.40%,0.7,1.2,57.50%,0.5,1.6,2.1,1.3,0.3,1.2,0,2.3,4,0.4,0
181,"BREWER J. (PG)
Eisbären Bremerhaven",13,29:30:00,4.9,0.8,2.2,34.50%,0.6,2.8,22.20%,1.4,5,27.70%,1.5,2.1,74.10%,0.6,2.5,3.2,5.1,0.9,2.4,0.2,2.2,7.6,-3.9,1
132,"MITTMANN N. (SF)
New Yorker Phantoms Braunschweig",32,17:00:00,4.8,0.6,1.2,51.40%,1,2.1,45.60%,1.6,3.3,47.60%,0.8,1.2,63.20%,0.4,2.3,2.8,0.6,0.5,0.4,0.1,1.6,6.3,-0.4,0
131,"SEIFERTH A. (C)
TBB Trier",34,10:51:00,4.6,1.8,2.8,63.80%,0,0,0.00%,1.8,2.8,63.80%,1.1,1.6,64.30%,1,1.2,2.1,0.1,0.2,0.9,0.1,2.4,4.7,-3.2,0
208,"SPARKS P. (PG)
Phoenix Hagen",5,26:46:00,4.6,0.4,1.6,25.00%,1,3.8,26.30%,1.4,5.4,25.90%,0.8,1.2,66.70%,0.4,0.8,1.2,5,1.2,3,0,2.2,4.6,-12.2,0
152,"SMEULDERS R. (C)
EWE Baskets Oldenburg",25,15:37:00,4.5,1.5,3,50.00%,0,0,0.00%,1.5,3,50.00%,1.6,2.3,67.20%,1.3,2.6,3.9,0.3,0.2,0.8,0.2,2.3,6.1,-2.2,0
151,"SEWARD E. (C)
Phoenix Hagen",26,14:23:00,4.4,1.8,2.7,68.60%,0,0,0.00%,1.8,2.7,68.60%,0.7,1.6,41.50%,1.8,2.6,4.4,0.1,0.1,0.7,0.5,1.8,7,-3.3,0
198,"BROWN G. (SF)
s.Oliver Baskets",8,11:36:00,4.3,1.1,2.1,52.90%,0.3,1.1,22.20%,1.4,3.3,42.30%,1.3,2,62.50%,1.1,0.6,1.8,0.6,0.3,0.9,0.3,1.4,3.6,4,0
199,"SAUNDERS D. (SF)
BG Göttingen",7,23:28:00,4.3,0.9,3.9,22.20%,0.7,2.6,27.80%,1.6,6.4,24.40%,0.4,0.9,50.00%,2.1,3.6,5.7,1,0.9,0.7,0.3,1.4,6.1,-9,0
137,"GRüNHEID G. (PF)
Artland Dragons",34,14:54:00,4.2,1.4,2.6,52.90%,0.3,1,26.50%,1.6,3.6,45.50%,0.7,1.5,46.20%,1,2.3,3.3,1.2,0.9,1.2,0.5,2.3,6.2,2.5,0
138,"BAHIENSE DE MELLO D. (SG)
EWE Baskets Oldenburg",34,15:12:00,4.2,0.6,1,57.60%,0.9,2.9,30.60%,1.4,3.9,37.40%,0.4,0.6,79.00%,0.3,1.2,1.5,0.8,0.2,0.8,0,1.7,3.4,-0.1,0
139,"KING A. (SF)
s.Oliver Baskets",34,16:02:00,4.1,0.9,1.7,54.20%,0.5,2.3,23.10%,1.5,4,36.50%,0.6,0.9,65.60%,1,1.8,2.8,0.8,0.6,0.6,0,1.7,4.8,1,0
140,"OEHLE R. (C)
LTi GIESSEN 46ers",34,11:40:00,4.1,1.4,3.1,46.20%,0,0,0.00%,1.4,3.1,45.80%,1.2,1.8,64.50%,0.7,1.7,2.3,0.2,0.1,0.9,0.4,2,3.8,-1.8,0
146,"KULAWICK R. (SG)
New Yorker Phantoms Braunschweig",30,14:46:00,4.1,0.3,0.6,44.40%,1.1,2.7,40.70%,1.4,3.3,41.40%,0.3,0.3,90.00%,0.4,1.5,1.8,0.6,0.4,0.3,0,1.9,4.7,1.6,1
204,"MCCULLOUGH T. (SF)
LTi GIESSEN 46ers",6,12:34:00,4,1,3.7,27.30%,0.2,0.7,25.00%,1.2,4.3,26.90%,1.5,2.3,64.30%,1,1.2,2.2,1,1,2.5,0.3,2.3,2,-1.2,1
147,"SCHULTZE S. (PF)
ALBA BERLIN",31,10:04:00,3.9,0.5,0.8,58.30%,0.9,2.2,39.70%,1.3,3,44.60%,0.4,0.5,80.00%,0.2,1.1,1.3,0.6,0.3,0.6,0.1,1.8,3.7,1.7,0
220,"BOUMTJE BOUMTJE R. (C)
FC Bayern München",4,11:15:00,3.8,1.3,2.3,55.60%,0,0,0.00%,1.3,2.3,55.60%,1.3,1.8,71.40%,1,2,3,1,0,0.5,0,1.8,5.8,7.8,0
145,"NOCH P. (SF)
BG Göttingen",34,13:17:00,3.7,1.1,2.5,41.90%,0.4,1.6,24.50%,1.4,4.1,35.30%,0.5,0.8,57.10%,0.7,1.3,1.9,0.4,0.2,0.8,0.1,2.1,2.6,-6.5,0
150,"SHTEIN M. (C)
BBC Bayreuth",31,14:40:00,3.7,1.2,2.7,42.90%,0,0.3,11.10%,1.2,3,39.80%,1.3,2.2,58.00%,0.8,1.8,2.6,0.3,0.1,0.9,0.2,1.8,3.2,-6,0
209,"ADAMCZAK N. (SG)
BG Göttingen",6,08:56:00,3.7,0.2,0.5,33.30%,1,2.7,37.50%,1.2,3.2,36.80%,0.3,0.3,100.00%,0.3,1,1.3,0,0.2,1,0,1.3,2.2,-4.7,0
183,"SCHMIDT S. (C)
BBC Bayreuth",17,13:08:00,3.6,1.5,3.8,40.60%,0,0,0.00%,1.5,3.8,40.60%,0.5,0.8,64.30%,0.4,1.4,1.8,0.3,0.3,0.8,0.1,2,2.7,-1.7,0
180,"THEIS D. (C)
New Yorker Phantoms Braunschweig",20,08:18:00,3.4,1.1,1.9,56.80%,0.1,0.4,14.30%,1.1,2.2,50.00%,1.1,1.7,64.70%,0.8,1.2,2,0.6,0.2,0.5,0.9,1.6,4.7,1.4,0
201,"NOLEN A. (PG)
LTi GIESSEN 46ers",8,13:35:00,3.4,0.6,1.9,33.30%,0.4,1.8,21.40%,1,3.6,27.60%,1,1.9,53.30%,0.8,1.3,2,1.5,1,1.5,0,2,2.9,-5.9,0
161,"NOLTE M. (C)
FRAPORT SKYLINERS",32,12:29:00,3.3,0.9,1.8,50.80%,0,0,0.00%,0.9,1.8,50.90%,1.4,1.9,71.00%,1,1,2,0.2,0.2,0.7,0.2,1.7,3.7,-2,0
165,"SEHOVIC S. (SG)
EWE Baskets Oldenburg",30,12:16:00,3.3,0.7,1.3,57.90%,0.3,1.6,18.40%,1,2.9,35.60%,0.9,1,87.10%,0.6,1.5,2.1,0.6,0.2,0.9,0.1,1.3,3.3,-0.2,0
166,"SCHMITZ S. (PG)
BBC Bayreuth",29,12:42:00,3.3,0.4,1,41.40%,0.6,2,31.60%,1,3,34.90%,0.6,0.7,90.00%,0.1,1.2,1.3,1.1,0.1,1,0,1.5,2.9,-3.5,0
202,"DJURASOVIC B. (SF)
LTi GIESSEN 46ers",8,14:40:00,3.3,0.5,2.1,23.50%,0.6,1.8,35.70%,1.1,3.9,29.00%,0.4,0.6,60.00%,0.3,1.5,1.8,0.1,0.5,1.6,0.1,2.1,1.1,-5.1,0
155,"BETZ S. (SF)
ratiopharm ulm",34,11:52:00,3.2,0.4,0.9,48.40%,0.5,1.3,39.50%,0.9,2.2,43.20%,0.8,1,82.40%,0.5,1,1.4,0.5,0.2,0.3,0.1,1.4,3.7,1.6,0
164,"RAFFINGTON J. (PF)
Eisbären Bremerhaven",32,08:57:00,3.2,0.9,1.9,49.20%,0.3,1,27.30%,1.2,2.9,41.50%,0.5,0.7,68.20%,0.7,0.8,1.4,0.5,0,0.6,0.1,1.3,2.7,-1.1,0
215,"TORBERT K. (SG)
ratiopharm ulm",5,08:11:00,3.2,0.4,1.6,25.00%,0.6,1,60.00%,1,2.6,38.50%,0.6,0.8,75.00%,0.6,0.6,1.2,0.4,0,0,0,0.6,3,0.2,1
159,"MANGOLD A. (PG)
Telekom Baskets Bonn",34,13:48:00,3.1,0.4,1,34.30%,0.5,1.4,37.50%,0.9,2.4,36.10%,0.8,1,76.50%,0.4,1,1.4,0.8,0.5,0.9,0,2.4,3.1,0.4,0
160,"TOMASZEK R. (PF)
s.Oliver Baskets",34,11:18:00,3.1,1.1,2.6,43.20%,0,0.1,0.00%,1.1,2.6,42.20%,0.8,1.2,68.30%,1,1.4,2.4,0.2,0.4,0.9,0.1,2.6,3.3,-0.2,1
167,"SCHWETHELM P. (SF)
FC Bayern München",31,13:17:00,3.1,0.4,0.8,52.00%,0.6,2.2,28.40%,1,3,34.80%,0.4,0.4,92.30%,0.5,1.6,2.1,0.3,0.3,0.6,0,1.4,3.3,0.6,0
169,"ZAZAI A. (PG)
LTi GIESSEN 46ers",27,15:08:00,3.1,0.9,2,43.40%,0.1,0.7,11.10%,0.9,2.6,35.20%,1.1,1.4,79.50%,0.3,0.9,1.2,2,0.9,1.3,0,2.3,3.9,-3.2,0
182,"NEUMANN P. (C)
Brose Baskets",20,07:06:00,3.1,1,1.3,73.10%,0,0,0.00%,1,1.3,73.10%,1.2,2.5,49.00%,0.8,1.5,2.3,0.5,0.2,0.6,0.5,1.3,4.4,3.4,0
163,"TADDA K. (SG)
Brose Baskets",34,14:09:00,3,0.5,0.8,65.40%,0.5,1.9,26.60%,1,2.6,37.80%,0.5,0.7,75.00%,0.1,1,1.1,1.6,0.7,0.3,0.1,1.6,4.4,9.3,0
168,"SCHNEIDERS N. (C)
New Yorker Phantoms Braunschweig",31,08:04:00,3,1.2,2,58.10%,0,0,0.00%,1.2,2,58.10%,0.6,1.3,51.30%,1.2,1.6,2.8,0.2,0.2,0.6,0.2,2.1,4.4,-0.6,0
174,"KLEBER M. (PF)
s.Oliver Baskets",23,07:27:00,3,0.6,1,60.90%,0.4,1.1,34.60%,1,2.1,46.90%,0.7,1,62.50%,0.6,0.7,1.3,0.2,0.2,0.6,0.3,0.8,2.9,1.1,0
213,"RADINOVIC V. (C)
WALTER Tigers Tübingen",6,12:10:00,3,1.3,2.3,57.10%,0,0,0.00%,1.3,2.3,57.10%,0.3,0.5,66.70%,0.3,1.2,1.5,0,0.2,0.7,0.2,2.8,3,-3.8,0
189,"MAFRA R. (C)
BG Göttingen",18,09:15:00,2.7,1.1,3,35.20%,0,0.1,0.00%,1.1,3.1,34.60%,0.6,0.9,64.70%,0.7,1.2,1.9,0.3,0.1,0.7,0.3,1.3,2.3,-4.8,0
217,"JERETIN G. (PG)
Artland Dragons",6,15:54:00,2.7,0,0.5,0.00%,0.7,2.5,26.70%,0.7,3,22.20%,0.7,1,66.70%,0.2,1.2,1.3,1.2,0.2,1,0,2,1.7,0.8,0
171,"FAßLER O. (SG)
TBB Trier",31,14:40:00,2.6,0.6,1.9,34.50%,0.3,1.5,21.70%,1,3.4,28.90%,0.3,0.5,66.70%,0.3,1.5,1.8,0.7,0.2,0.8,0,1.6,1.8,-6,0
176,"SCHRöDER D. (PG)
New Yorker Phantoms Braunschweig",27,08:23:00,2.6,0.8,1.7,48.90%,0.1,0.6,11.80%,0.9,2.3,38.70%,0.7,1.1,64.50%,0,0.6,0.6,0.8,0.3,0.9,0,1.1,1.7,-2.4,0
191,"SPöLER T. (SF)
BBC Bayreuth",17,10:29:00,2.6,0.4,0.9,46.70%,0.3,1.6,18.50%,0.7,2.5,28.60%,0.9,1.2,75.00%,0.6,1.4,2,0.7,0.1,0.9,0.1,2.2,2.5,-4.4,0
219,"HARRIS T. (SF)
EnBW Ludwigsburg",6,13:03:00,2.5,1,2.2,46.20%,0.2,1.3,12.50%,1.2,3.5,33.30%,0,0.5,0.00%,0.8,1.3,2.2,1,0.5,1.2,0,2.2,2.2,-0.5,0
221,"GRIMALDI M. (SG)
BG Göttingen",6,14:28:00,2.5,0.2,1,16.70%,0.3,1.8,18.20%,0.5,2.8,17.70%,1.2,1.3,87.50%,0.3,2.3,2.7,0.7,0.3,0.8,0,2,2.8,-7.8,0
226,"KOCH F. (SF)
Telekom Baskets Bonn",4,02:50:00,2.5,0.3,0.8,33.30%,0.3,0.5,50.00%,0.5,1.3,40.00%,1.3,1.5,83.30%,0.3,0,0.3,0,0,0,0,1.3,1.8,-0.8,0
172,"MCCRAY D. (PG)
EnBW Ludwigsburg",33,12:52:00,2.4,0.3,1.2,25.60%,0.4,1.5,26.00%,0.7,2.7,25.80%,0.6,1,57.60%,0.4,0.7,1.2,0.9,0.6,0.9,0.1,1.9,1.8,1.2,0
175,"SPODEN R. (PF)
WALTER Tigers Tübingen",29,07:41:00,2.4,0.3,0.6,55.60%,0.4,1.4,29.30%,0.8,2,37.30%,0.5,0.6,77.80%,0.4,1.1,1.5,0.1,0.1,0.5,0,1.8,2.3,0,0
184,"KOCH T. (SF)
EnBW Ludwigsburg",25,09:44:00,2.4,0.1,0.6,21.40%,0.6,1.4,44.10%,0.7,1.9,37.50%,0.4,0.6,71.40%,0.1,1,1.2,0.2,0.2,0.6,0,1.4,2.1,-0.6,0
188,"STAIGER L. (SG)
ALBA BERLIN",21,09:35:00,2.4,0.1,0.4,33.30%,0.7,2.2,30.40%,0.8,2.6,30.90%,0.1,0.2,75.00%,0.4,0.8,1.2,0.5,0.1,0.3,0.1,0.7,2.1,1.6,1
195,"BARTHEL D. (PF)
FRAPORT SKYLINERS",15,08:33:00,2.4,0.9,1.5,56.50%,0.1,0.2,33.30%,0.9,1.7,53.90%,0.5,0.9,53.90%,0.3,0.6,0.9,0.2,0.1,0.5,0.1,1.4,2.1,-1.3,0
192,"WOHLFARTH-BOTTERMANN J. (C)
Telekom Baskets Bonn",20,05:51:00,2.2,0.8,1.9,43.20%,0,0,0.00%,0.8,1.9,43.20%,0.6,0.9,64.70%,0.7,0.9,1.5,0.1,0.1,0.4,0.6,1.1,2.7,-1.5,0
205,"HALL D. (C)
FC Bayern München",11,07:31:00,2.2,0.9,1.7,52.60%,0,0,0.00%,0.9,1.7,52.60%,0.4,0.5,66.70%,0.8,0.4,1.2,0.4,0.3,0.4,0,2.1,2.6,0,0
190,"CLAY O. (PF)
s.Oliver Baskets",21,06:43:00,2.1,0.6,1.4,41.40%,0,0,0.00%,0.6,1.4,41.40%,1,1.4,66.70%,0.5,0.7,1.2,0.1,0.2,0.7,0.3,1.2,2,-1.7,0
211,"KALAMPOKIS I. (SF)
ALBA BERLIN",11,13:24:00,2,0.4,1,36.40%,0.2,1.2,15.40%,0.5,2.2,25.00%,0.7,0.9,80.00%,0.1,1.5,1.6,2,0.1,1.2,0,2.1,2.6,2.1,0
216,"STROWBRIDGE C. (PG)
EWE Baskets Oldenburg",8,05:35:00,2,0.4,1.3,30.00%,0.3,1.3,20.00%,0.6,2.5,25.00%,0.5,0.5,100.00%,0,0.3,0.3,0.1,0.1,1,0,1,-0.4,-0.6,1
222,"HARTENSTEIN F. (C)
Artland Dragons",7,04:10:00,2,0.9,1.3,66.70%,0,0.1,0.00%,0.9,1.4,60.00%,0.3,0.6,50.00%,0.3,0.6,0.9,0.1,0,0.6,0,1.4,1.6,-1,0
185,"SPOHR D. (SF)
Phoenix Hagen",30,09:58:00,1.9,0.4,1.2,29.70%,0.2,0.8,29.20%,0.6,2,29.50%,0.5,0.6,82.40%,0.4,1,1.4,0.3,0.2,0.5,0,1,1.8,-3.3,0
196,"CANTY A. (PG)
Eisbären Bremerhaven",20,07:24:00,1.8,0.1,0.7,14.30%,0.4,1.2,34.80%,0.5,1.9,27.00%,0.4,0.4,100.00%,0.2,0.7,0.9,0.3,0.2,0.5,0,1,1.3,-1.4,0
214,"VARGAS A. (PG)
WALTER Tigers Tübingen",10,07:48:00,1.8,0.4,0.8,50.00%,0.3,0.5,60.00%,0.7,1.3,53.90%,0.1,0.2,50.00%,0.2,0.9,1.1,0.4,0.1,0.1,0,0.7,2.6,-2.7,0
193,"HALDIN M. (PG)
LTi GIESSEN 46ers",23,08:48:00,1.7,0.3,1,29.20%,0.2,0.9,25.00%,0.5,1.9,27.30%,0.4,0.5,75.00%,0.1,1,1.1,0.4,0.1,0.9,0,0.7,0.9,-4.5,0
200,"FREESE J. (C)
EWE Baskets Oldenburg",17,06:42:00,1.7,0.6,0.9,62.50%,0,0,0.00%,0.6,0.9,62.50%,0.5,1.2,40.00%,0.4,0.9,1.2,0.2,0.1,0.2,0.1,1.2,2.1,1.2,0
203,"SCHMIDT D. (PG)
Brose Baskets",16,05:55:00,1.6,0.4,0.6,60.00%,0.3,0.5,50.00%,0.6,1.1,55.60%,0.1,0.4,33.30%,0.1,0.6,0.6,0.3,0.1,0.5,0.1,1.1,1.4,4.1,0
231,"STUCKEY M. (PG)
Brose Baskets",5,06:11:00,1.6,0.2,0.6,33.30%,0.4,1.2,33.30%,0.6,1.8,33.30%,0,0,0.00%,0,0.6,0.6,0.4,0.2,0.6,0,1,1,1.4,0
206,"DORETH B. (SG)
FC Bayern München",15,06:42:00,1.5,0.3,0.5,50.00%,0.3,0.9,30.80%,0.5,1.4,38.10%,0.2,0.3,75.00%,0.1,0.5,0.6,0.5,0.1,0.1,0,0.9,1.7,-1.7,0
239,"BEKTESHI B. (PG)
EnBW Ludwigsburg",2,03:32:00,1.5,0,0,0.00%,0,0.5,0.00%,0,0.5,0.00%,1.5,2,75.00%,0,0,0,0.5,0,0,0,0,1,-3,0
194,"THüLIG F. (SF)
Telekom Baskets Bonn",29,08:31:00,1.3,0.2,0.5,35.70%,0.3,0.8,33.30%,0.4,1.3,34.20%,0.1,0.2,60.00%,0.2,0.3,0.5,0.3,0.1,0.1,0,1.3,1.2,-1.8,0
212,"WENZL M. (C)
ratiopharm ulm",18,04:00:00,1.2,0.3,0.6,54.50%,0,0,0.00%,0.3,0.6,54.60%,0.5,0.9,52.90%,0.3,0.6,0.9,0.1,0.1,0.3,0,0.9,1.3,-1.9,0
210,"PICARD S. (SG)
TBB Trier",22,04:41:00,1,0.2,0.5,41.70%,0.2,0.7,26.70%,0.4,1.2,33.30%,0,0.1,0.00%,0.1,0.4,0.5,0.1,0.1,0.1,0,0.6,0.6,-2.1,0
224,"DOEINCK F. (SG)
Artland Dragons",10,01:36:00,1,0.2,0.3,66.70%,0.2,0.4,50.00%,0.4,0.7,57.10%,0,0,0.00%,0,0,0,0,0,0.1,0,0.8,0.6,-0.2,0
240,"GERTZ L. (SG)
New Yorker Phantoms Braunschweig",3,01:59:00,1,0.3,0.7,50.00%,0,0,0.00%,0.3,0.7,50.00%,0.3,0.7,50.00%,0.3,0,0.3,0,0,0,0,0,0.7,-2,0
242,"BUNTZ J. (SG)
ratiopharm ulm",2,01:45:00,1,0.5,1,50.00%,0,0,0.00%,0.5,1,50.00%,0,0,0.00%,0,0,0,0,0,0,0,0.5,0.5,-1,0
245,"SLATER J. (PG)
BG Göttingen",2,07:52:00,1,0,0.5,0.00%,0,1.5,0.00%,0,2,0.00%,1,1,100.00%,0,1.5,1.5,1,0.5,0,0,2.5,2,1,0
246,"MAIER J. (SF)
EnBW Ludwigsburg",2,05:29:00,1,0.5,3,16.70%,0,0.5,0.00%,0.5,3.5,14.30%,0,0,0.00%,1,0,1,0,0,0.5,0,0.5,-1.5,-1,0
228,"SMIT K. (PG)
EWE Baskets Oldenburg",11,03:19:00,0.9,0.2,0.4,50.00%,0,0.3,0.00%,0.2,0.6,28.60%,0.5,0.7,75.00%,0.2,0.5,0.6,0.4,0,0.6,0,0.8,0.6,0.6,0
207,"PERL M. (PG)
LTi GIESSEN 46ers",29,07:14:00,0.8,0.2,0.6,37.50%,0.1,0.3,22.20%,0.3,0.9,32.00%,0.2,0.3,50.00%,0.2,0.3,0.5,0.3,0.3,0.3,0,1.7,0.8,-2.2,0
218,"RAZIS C. (SF)
EWE Baskets Oldenburg",19,03:22:00,0.8,0.3,0.5,50.00%,0.1,0.1,100.00%,0.3,0.6,54.60%,0.1,0.3,40.00%,0.2,0.1,0.3,0.2,0.1,0.3,0,0.5,0.7,1.5,0
225,"OLADIPO F. (PF)
ratiopharm ulm",13,03:42:00,0.8,0.2,0.6,37.50%,0,0.1,0.00%,0.2,0.7,33.30%,0.3,0.6,50.00%,0.2,0.6,0.8,0.1,0,0.5,0,0.6,0.3,-0.2,0
229,"HENNEBERGER C. (SG)
s.Oliver Baskets",11,04:09:00,0.8,0,0.2,0.00%,0.2,0.7,25.00%,0.2,0.9,20.00%,0.3,0.5,50.00%,0,0.1,0.1,0.2,0.1,0,0,0.3,0.2,-1.8,0
233,"HOFFMANN C. (PG)
Artland Dragons",9,01:48:00,0.8,0.2,0.2,100.00%,0,0.2,0.00%,0.2,0.4,50.00%,0.3,0.4,75.00%,0,0,0,0,0,0.4,0,0.3,0,-0.9,0
243,"OMAMOGHO I. (PF)
Artland Dragons",3,00:38:00,0.7,0.3,0.3,100.00%,0,0,0.00%,0.3,0.3,100.00%,0,0,0.00%,0,0,0,0,0,0,0,0.3,0.7,0.3,0
223,"NJEI A. (SG)
Artland Dragons",19,03:11:00,0.6,0.1,0.3,40.00%,0.1,0.5,20.00%,0.2,0.8,26.70%,0.1,0.1,50.00%,0.1,0.2,0.3,0.3,0.1,0.1,0.1,0.4,0.6,0.5,0
234,"WILKINS D. (PF)
Phoenix Hagen",9,02:21:00,0.6,0.2,0.6,40.00%,0,0,0.00%,0.2,0.6,40.00%,0.1,0.1,100.00%,0,0.3,0.3,0,0.1,0.6,0,0.3,0.1,0.1,0
235,"ALBUS J. (SF)
WALTER Tigers Tübingen",9,01:12:00,0.6,0.1,0.3,33.30%,0.1,0.3,33.30%,0.2,0.7,33.30%,0,0,0.00%,0,0.4,0.4,0.1,0.1,0.1,0,0.4,0.7,0.2,0
232,"HAIN D. (PG)
Telekom Baskets Bonn",17,04:39:00,0.5,0.1,0.1,100.00%,0.1,0.3,20.00%,0.1,0.4,33.30%,0.2,0.3,60.00%,0.1,0.2,0.3,0.2,0,0.1,0,0.5,0.5,-3.2,0
236,"RADOSAVLJEVIC B. (C)
FC Bayern München",8,03:52:00,0.5,0.3,0.9,28.60%,0,0,0.00%,0.3,0.9,28.60%,0,0.1,0.00%,0.4,0.9,1.3,0,0.1,0.5,0,1.3,0.6,-3.8,0
227,"SAIBOU J. (PG)
TBB Trier",26,04:22:00,0.4,0.1,0.4,18.20%,0,0.2,16.70%,0.1,0.7,17.70%,0.1,0.2,75.00%,0.3,0.6,0.9,0.2,0.1,0.5,0,0.8,0.5,-1.8,0
230,"ROCKMANN M. (SG)
Phoenix Hagen",21,06:25:00,0.4,0.1,0.7,14.30%,0,0.4,12.50%,0.1,1,13.60%,0,0.1,50.00%,0.2,0.5,0.7,0.4,0.1,0.3,0,0.6,0.3,-2.7,0
237,"NEY J. (SG)
ALBA BERLIN",10,02:11:00,0.4,0.2,0.3,66.70%,0,0.3,0.00%,0.2,0.6,33.30%,0,0.1,0.00%,0.1,0.1,0.2,0.2,0,0.1,0.1,0.2,0.3,-1.3,0
244,"REUTER T. (SF)
Phoenix Hagen",5,03:25:00,0.4,0.2,0.6,33.30%,0,0.2,0.00%,0.2,0.8,25.00%,0,0,0.00%,0.2,0.4,0.6,0,0,0,0.4,0,0.8,-4.2,0
238,"HERWIG M. (PF)
BG Göttingen",12,02:12:00,0.3,0.2,0.5,33.30%,0,0.1,0.00%,0.2,0.6,28.60%,0,0.2,0.00%,0,0.3,0.3,0,0,0.1,0,0.7,-0.1,-0.3,0
241,"HEBERLEIN M. (SG)
ratiopharm ulm",9,01:29:00,0.3,0.1,0.1,100.00%,0,0.1,0.00%,0.1,0.2,50.00%,0.1,0.2,50.00%,0,0.1,0.1,0.1,0,0,0,0.1,0.3,-1,0
247,"ZEIS P. (PF)
BBC Bayreuth",4,03:42:00,0.3,0,0,0.00%,0,0.5,0.00%,0,0.5,0.00%,0.3,0.5,50.00%,0,0.8,0.8,0.3,0,0,0.3,0.5,0.8,-3.8,0
248,"MARKERT D. (PG)
BG Göttingen",8,01:33:00,0,0,0,0.00%,0,0.3,0.00%,0,0.3,0.00%,0,0,0.00%,0,0,0,0,0,0,0,0.3,-0.3,-0.5,0
249,"PLUSKOTA M. (PF)
Eisbären Bremerhaven",1,01:47:00,0,0,0,0.00%,0,0,0.00%,0,0,0.00%,0,0,0.00%,0,0,0,0,0,0,0,0,0,-1,0
250,"JOHNSON D. (SF)
Eisbären Bremerhaven",5,01:10:00,0,0,0,0.00%,0,0,0.00%,0,0,0.00%,0,0,0.00%,0,0,0,0,0,0,0,0,0,-0.2,0
251,"WEISER J. (PG)
LTi GIESSEN 46ers",1,03:45:00,0,0,0,0.00%,0,0,0.00%,0,0,0.00%,0,0,0.00%,0,0,0,0,0,0,0,0,0,9,0
252,"DURANT S. (SG)
BBC Bayreuth",2,01:21:00,0,0,0,0.00%,0,0.5,0.00%,0,0.5,0.00%,0,0,0.00%,0,0.5,0.5,0,0,0,0,0,0,0,0
253,"RICHTER J. (C)
Brose Baskets",1,02:55:00,0,0,0,0.00%,0,0,0.00%,0,0,0.00%,0,0,0.00%,1,1,2,0,0,0,0,1,2,0,0
254,"KRAMER M. (SG)
Phoenix Hagen",2,01:41:00,0,0,0,0.00%,0,0,0.00%,0,0,0.00%,0,0,0.00%,0,0,0,0,0,0.5,0,0.5,-0.5,-2.5,0
255,"OLDEN J. (C)
EnBW Ludwigsburg",1,00:56:00,0,0,0,0.00%,0,0,0.00%,0,0,0.00%,0,0,0.00%,0,0,0,0,0,0,0,0,0,-1,0
256,"DONKOR A. (SG)
BG Göttingen",4,00:35:00,0,0,0,0.00%,0,0,0.00%,0,0,0.00%,0,0,0.00%,0,0.3,0.3,0,0,0,0,0,0.3,0.8,0
257,"MONSE S. (PF)
Brose Baskets",3,01:31:00,0,0,0.7,0.00%,0,0,0.00%,0,0.7,0.00%,0,0,0.00%,0,0.3,0.3,0,0.3,0,0,0.7,0,0.3,0
258,"EL DOMIATY J. (PG)
Eisbären Bremerhaven",3,01:35:00,0,0,0,0.00%,0,0,0.00%,0,0,0.00%,0,0,0.00%,0,0,0,0,0,0.3,0,0,-0.3,-2,0
259,"MALU J. (C)
Eisbären Bremerhaven",1,01:13:00,0,0,0,0.00%,0,0,0.00%,0,0,0.00%,0,0,0.00%,0,0,0,0,0,0,0,1,0,-5,0
260,"TURUDIC D. (C)
LTi GIESSEN 46ers",3,01:05:00,0,0,0.3,0.00%,0,0,0.00%,0,0.3,0.00%,0,0,0.00%,0,0.3,0.3,0.3,0,0,0,0.3,0.3,-0.3,0
261,"FRANKE F. (SF)
FRAPORT SKYLINERS",8,01:51:00,0,0,0,0.00%,0,0.3,0.00%,0,0.3,0.00%,0,0,0.00%,0.1,0.3,0.4,0.1,0,0.1,0,0,0.1,-1.1,0
262,"MEYER-HüBNER F. (PG)
WALTER Tigers Tübingen",1,00:07:00,0,0,0,0.00%,0,0,0.00%,0,0,0.00%,0,0,0.00%,0,0,0,0,0,0,0,0,0,0,0
263,"DIETZ K. (C)
TBB Trier",2,01:10:00,0,0,0.5,0.00%,0,0,0.00%,0,0.5,0.00%,0,0,0.00%,0,0,0,0,0,0,0,0.5,-0.5,-1,0
264,"THEILIG F. (PG)
FRAPORT SKYLINERS",3,03:18:00,0,0,0.3,0.00%,0,0,0.00%,0,0.3,0.00%,0,0,0.00%,0,0.3,0.3,0,0,0.3,0.3,0.3,0,0,0
265,"HADZOVIC N. (C)
EnBW Ludwigsburg",2,01:51:00,0,0,0.5,0.00%,0,0,0.00%,0,0.5,0.00%,0,0,0.00%,0,0,0,0,0,1.5,0,1.5,-2,-3,0
266,"TIENAREND N. (PG)
Eisbären Bremerhaven",1,02:09:00,0,0,0,0.00%,0,0,0.00%,0,0,0.00%,0,0,0.00%,0,0,0,0,0,1,0,0,-1,-4,0
267,"JöRG F. (C)
EWE Baskets Oldenburg",1,01:59:00,0,0,1,0.00%,0,0,0.00%,0,1,0.00%,0,0,0.00%,0,1,1,0,0,0,0,0,0,2,0
268,"FüLLE S. (SG)
ALBA BERLIN",2,01:16:00,0,0,0,0.00%,0,0,0.00%,0,0,0.00%,0,0,0.00%,0,0,0,0.5,0,0,0,0,0.5,-2,0
268,"MONSE S. (PF)
ALBA BERLIN",3,05:38:00,2,1,3,33.30%,0,0,0.00%,1,3,33.30%,0,0,0.00%,0,1,1,0,1,0,0,1,2,-1,0
270,"NOVAK J. (PF)
FRAPORT SKYLINERS",4,16:00:00,2,0,0,0.00%,0,1,0.00%,0,1,0.00%,2,2,100.00%,0,0,0,1,0,1,0,3,1,19,0
271,"RICHTER J. (C)
Brose Baskets",5,09:01:00,2,1,2,50.00%,0,3,0.00%,1,5,20.00%,0,0,0.00%,0,2,2,0,0,0,0,1,0,-8,0
254,"HARTMANN A. (PG)
EWE Baskets Oldenburg",1,07:23:00,1,0,0,0.00%,0,0,0.00%,0,0,0.00%,1,2,50.00%,2,1,3,1,0,0,0,1,4,6,0
273,"MARIN M. (SG)
FC Bayern München",2,07:03:00,0,0,0,0.00%,0,0,0.00%,0,0,0.00%,0,0,0.00%,0,0,0,0,0,0,0,2,0,6,0
274,"OLDENBURG T. (PF)
FRAPORT SKYLINERS",2,00:46:00,0,0,0,0.00%,0,0,0.00%,0,0,0.00%,0,0,0.00%,0,0,0,0,0,0,1,0,1,0,0
275,"HEBERLEIN M. (SG)
ratiopharm ulm",8,15:27:00,0,0,2,0.00%,0,1,0.00%,0,3,0.00%,0,0,0.00%,2,0,2,1,0,0,0,1,0,6,0
276,"ILZHöFER S. (SF)
Neckar RIESEN Ludwigsburg",1,03:47:00,0,0,0,0.00%,0,1,0.00%,0,1,0.00%,0,0,0.00%,0,0,0,0,0,0,0,1,-1,-6,0
277,"AGVA M. (C)
WALTER Tigers Tübingen",1,00:41:00,0,0,0,0.00%,0,0,0.00%,0,0,0.00%,0,2,0.00%,1,0,1,0,0,0,0,0,-1,-1,0
278,"CHAMBERS T. (PG)
BBC Bayreuth",2,00:38:00,0,0,0,0.00%,0,0,0.00%,0,0,0.00%,0,0,0.00%,0,0,0,0,0,1,0,0,-1,-1,0
279,"MALU J. (C)
Eisbären Bremerhaven",1,02:09:00,0,0,0,0.00%,0,0,0.00%,0,0,0.00%,0,0,0.00%,0,0,0,0,0,0,0,0,0,-2,0
280,"HERWIG M. (PF)
s.Oliver Baskets",1,01:54:00,0,0,0,0.00%,0,0,0.00%,0,0,0.00%,0,0,0.00%,1,0,1,0,0,0,0,0,1,0,0
281,"BUNTIC L. (C)
TBB Trier",2,01:14:00,0,0,0,0.00%,0,1,0.00%,0,1,0.00%,0,0,0.00%,0,0,0,0,0,0,0,0,-1,0,0
282,"HERWIG D. (SF)
ALBA BERLIN",3,07:05:00,0,0,0,0.00%,0,0,0.00%,0,0,0.00%,0,0,0.00%,0,0,0,1,0,0,0,1,1,4,0
283,"LOPES J. (C)
TBB Trier",3,06:18:00,0,0,0,0.00%,0,0,0.00%,0,0,0.00%,0,0,0.00%,0,0,0,0,0,0,0,1,0,-8,0
284,"JOOS J. (PF)
Neckar RIESEN Ludwigsburg",3,08:59:00,0,0,1,0.00%,0,0,0.00%,0,1,0.00%,0,2,0.00%,0,0,0,1,0,0,0,2,-2,6,0
285,"BREU L. (SG)
TBB Trier",1,01:26:00,0,0,0,0.00%,0,0,0.00%,0,0,0.00%,0,0,0.00%,0,0,0,0,0,0,0,0,0,-5,0
